no;title;rating_avg;rating_total;year
1;Vykoupení z věznice Shawshank;95.4;114912;1994
2;Forrest Gump;94.4;130202;1994
3;Zelená míle;92.9;110789;1999
4;Sedm;92.5;100681;1995
5;Přelet nad kukaččím hnízdem;92.4;82590;1975
6;Schindlerův seznam;92.4;76734;1993
7;Kmotr;91.8;72041;1972
8;Dvanáct rozhněvaných mužů;91.5;39055;1957
9;Nedotknutelní;91.3;82728;2011
10;Pelíšky;91.2;117178;1999
11;Terminátor 2: Den zúčtování;91.0;83502;1991
12;Pán prstenů: Společenstvo Prstenu;90.7;114087;2001
13;Pulp Fiction: Historky z podsvětí;90.8;109902;1994
14;Pán prstenů: Návrat krále;90.7;106083;2003
15;Kmotr II;90.7;50045;1974
16;Temný rytíř;90.5;100960;2008
17;Mlčení jehňátek;90.6;86891;1991
18;Tenkrát na Západě;90.5;53956;1968
19;Matrix;90.3;111180;1999
20;Gran Torino;90.3;77684;2008
21;Hodný, zlý a ošklivý;90.0;37562;1966
22;Dobyvatelé ztracené archy;89.9;75528;1981
23;Rain Man;89.8;76043;1988
24;Sedm statečných;89.9;50052;1960
25;Vyšší princip;89.8;32760;1960
26;Indiana Jones a Poslední křížová výprava;89.7;76568;1989
27;Le Mans '66;89.7;31200;2019
28;Vetřelec;89.7;74601;1979
29;Vetřelci;89.6;61817;1986
30;Rivalové;89.6;61625;2013
31;Smrtonosná past;89.5;71736;1988
32;Podraz;89.5;33991;1973
33;Zachraňte vojína Ryana;89.3;86427;1998
34;S čerty nejsou žerty;89.3;80923;1984
35;Leon;89.2;66096;1994
36;„Marečku, podejte mi pero!“;89.1;84281;1976
37;Amadeus;89.1;56300;1984
38;Obecná škola;89.0;85967;1991
39;Star Wars: Epizoda V - Impérium vrací úder;89.0;70148;1980
40;Pán prstenů: Dvě věže;88.9;103564;2002
41;L. A. - Přísně tajné;88.9;40270;1997
42;Cesta do hlubin študákovy duše;88.9;40086;1939
43;Butch Cassidy a Sundance Kid;88.9;32290;1969
44;Návrat do budoucnosti;88.8;69726;1985
45;Gladiátor;88.7;91588;2000
46;Počátek;88.7;100578;2010
47;Čistá duše;88.6;57889;2001
48;Město bohů;88.7;42517;2002
49;Pianista;88.5;59408;2002
50;Spalovač mrtvol;88.5;56078;1968
51;Tanec s vlky;88.5;49026;1990
52;Vesničko má středisková;88.4;84314;1985
53;Nespoutaný Django;88.2;77482;2012
54;Šestý smysl;88.2;77349;1999
55;Casino;88.2;36138;1995
56;Prokletý ostrov;88.1;80509;2010
57;Klub rváčů;88.1;79326;1999
58;Kult hákového kříže;88.2;59931;1998
59;Statečné srdce;88.0;73504;1995
60;Million Dollar Baby;88.0;59860;2004
61;Dobrý Will Hunting;88.0;53167;1997
62;Nelítostný souboj;88.1;36407;1995
63;Život je krásný;87.9;38219;1997
64;Psycho;87.9;36084;1960
65;Klaus;88.0;11915;2019
66;Dokonalý trik;87.9;80350;2006
67;12 úkolů pro Asterixe;87.8;30313;1976
68;Osvícení;87.7;55000;1980
69;Smrtonosná zbraň;87.8;54164;1987
70;Četa;87.8;41542;1986
71;Hon;87.8;33253;2012
72;Prázdniny v Římě;87.7;26709;1953
73;Shrek;87.6;101808;2001
74;Star Wars: Epizoda IV - Nová naděje;87.7;71369;1977
75;Na samotě u lesa;87.6;66884;1976
76;Někdo to rád horké;87.6;37888;1959
77;Kladivo na čarodějnice;87.7;32796;1969
78;Motýlek;87.6;30358;1973
79;Star Wars: Epizoda III - Pomsta Sithů;87.5;71069;2005
80;Requiem za sen;87.5;61607;2000
81;Mafiáni;87.5;35619;1990
82;Coco;87.6;28764;2017
83;U pokladny stál...;87.5;25653;1939
84;Tenkrát v Americe;87.5;24046;1984
85;Cesta do pravěku;87.4;51064;1955
86;Warrior;87.4;42338;2011
87;Obvyklí podezřelí;87.4;35901;1995
88;Americká krása;87.3;71111;1999
89;Podfu(c)k;87.4;57828;2000
90;Bohemian Rhapsody;87.3;50776;2018
91;Star Wars: Epizoda VI - Návrat Jediů;87.2;64840;1983
92;Byl jednou jeden král...;87.2;56224;1954
93;Bourneovo ultimátum;87.3;55126;2007
94;Terminátor;87.1;75062;1984
95;Uprchlík;87.2;43631;1993
96;Čas probuzení;87.2;19606;1990
97;25 let neviny;87.5;2747;2020
98;Chyť mě, když to dokážeš;87.1;84333;2002
99;Poslední skaut;87.0;48341;1991
100;Princezna Mononoke;87.0;30336;1997
101;Frajer Luke;87.0;23795;1967
102;Spider-Man: Napříč paralelními světy;87.1;10599;2023
103;Trainspotting;86.9;59945;1996
104;Truman Show;86.9;55168;1998
105;Světáci;86.9;27838;1969
106;Duna: Část druhá;86.9;24439;2024
107;Medvěd;86.9;20519;1988
108;Hanebný pancharti;86.8;86353;2009
109;Jára Cimrman ležící, spící;86.8;45273;1983
110;Cesta do fantazie;86.8;32240;2001
111;Škola základ života;86.8;30872;1938
112;Zelená kniha;86.8;30042;2018
113;Sedm samurajů;86.9;15845;1954
114;Americký gangster;86.7;44292;2007
115;Sbal prachy a vypadni;86.7;37039;1998
116;Zjizvená tvář;86.7;33576;1983
117;Demon Slayer: Kimetsu no Yaiba Infinity Castle;88.6;576;2025
118;Batman začíná;86.6;75262;2005
119;Vrchní, prchni!;86.6;69087;1980
120;Černý jestřáb sestřelen;86.6;61852;2001
121;12 opic;86.6;60244;1995
122;Predátor;86.6;60197;1987
123;Osudový dotek;86.6;59071;2004
124;Obchod na korze;86.7;18318;1965
125;Třináct životů;86.7;8572;2022
126;Rocky;86.6;59157;1976
127;Memento;86.5;49899;2000
128;Lví král;86.5;46888;1994
129;Smrtonosná zbraň 2;86.6;43495;1989
130;Sněhurka a sedm trpaslíků;86.5;27144;1937
131;Čarodějův učeň;86.6;18943;1977
132;Ponorka;86.6;15336;1981
133;Sám doma;86.4;80859;1990
134;Temný rytíř povstal;86.5;70242;2012
135;Top Gun: Maverick;86.4;28838;2022
136;Pro pár dolarů navíc;86.4;18435;1965
137;Jak vycvičit draka;86.3;65788;2010
138;Na hraně zítřka;86.3;59614;2014
139;Hotel Rwanda;86.3;32073;2004
140;Vynález zkázy;86.3;20158;1958
141;Nejistá sezóna;86.3;23527;1987
142;Tři oříšky pro Popelku;86.1;73384;1973
143;Jurský park;86.1;71250;1993
144;Císařův pekař - Pekařův císař;86.1;55453;1951
145;Hra;86.1;47179;1997
146;Smrt krásných srnců;86.1;37621;1986
147;Olověná vesta;86.1;31590;1987
148;Černobílý svět;86.2;24016;2011
149;Sloní muž;86.1;18981;1980
150;Hledá se Nemo;86.0;76519;2003
151;Kolja;86.0;64267;1996
152;Limonádový Joe aneb Koňská opera;86.0;46284;1964
153;Zmizení;86.0;44729;2013
154;Dobrý voják Švejk;86.1;43114;1956
155;Život Briana;86.1;34404;1979
156;Apokalypsa;86.0;26191;1979
157;Společnost mrtvých básníků;86.0;21726;1989
158;Most přes řeku Kwai;86.0;21172;1957
159;Zpívání v dešti;86.1;10997;1952
160;Ratatouille;85.9;72367;2007
161;Skrytá identita;85.9;52250;2006
162;Návrat do budoucnosti II;85.9;49396;1989
163;Gentlemani;86.0;28921;2019
164;Pink Floyd: The Wall;86.0;19002;1982
165;Carlitova cesta;86.0;17479;1993
166;Kid;86.0;9119;1921
167;Rozzum v divočině;86.1;5769;2024
168;Avengers: Infinity War;85.8;44250;2018
169;Gauneři;85.8;39845;1992
170;Všichni dobří rodáci;85.9;18429;1968
171;Život je krásný;85.9;8714;1946
172;Tvoje jméno.;86.0;5485;2016
173;Harry Potter a vězeň z Azkabanu;85.8;88135;2004
174;Králova řeč;85.7;55171;2010
175;Slavnosti sněženek;85.7;51743;1983
176;Četník ze Saint Tropez;85.7;50195;1964
177;Svět podle Prota;85.7;40632;2001
178;Spider-Man: Paralelní světy;85.8;22642;2018
179;Ucho;85.8;18494;1970
180;Nebe a dudy;85.8;11110;1941
181;Obchodník se smrtí;85.6;56865;2005
182;Skála;85.6;55378;1996
183;Toy Story: Příběh hraček;85.6;54328;1995
184;Věc;85.6;36640;1982
185;Poslušně hlásím;85.7;29961;1957
186;Whiplash;85.6;28373;2014
187;Česká soda;85.7;24385;1998
188;Přednosta stanice;85.6;24290;1941
189;Ducháček to zařídí;85.6;21656;1938
190;Okno do dvora;85.7;16238;1954
191;Diktátor;85.7;11256;1940
192;Láska nebeská;85.5;76632;2003
193;Agent bez minulosti;85.5;55095;2002
194;Bournův mýtus;85.5;50889;2004
195;Rambo: První krev;85.5;44322;1982
196;Vlny;85.5;18691;2024
197;Velký útěk;85.6;15012;1963
198;Interstellar;85.4;67093;2014
199;96 hodin;85.4;56172;2008
200;Jáchyme, hoď ho do stroje!;85.4;49769;1974
201;Hačikó - příběh psa;85.4;24993;2009
202;Těžká váha;85.4;21982;2005
203;Howlův kráčející hrad;85.4;19265;2004
204;Stezky slávy;85.5;6872;1957
205;Poklad na Stříbrném jezeře;85.3;30806;1962
206;Stvoření světa;85.4;25435;1957
207;Ip Man;85.4;22963;2008
208;Zvíře;85.4;21715;1977
209;Příběh z Bronxu;85.4;16171;1993
210;Tichá bolest;85.4;9148;1990
211;Sunset Boulevard;85.4;8952;1950
212;Bio Ráj;85.5;5891;1988
213;Vlkochodci;85.6;3424;2020
214;Chainsaw Man – Film: Reze Arc;86.8;699;2025
215;VALL-I;85.2;52789;2008
216;Nekonečný příběh;85.3;51258;1984
217;Příšerky s.r.o.;85.2;49495;2001
218;Útěk do divočiny;85.2;42796;2007
219;Návrat do budoucnosti III;85.2;40761;1990
220;Neúplatní;85.2;26829;1987
221;Muž z Acapulca;85.3;24872;1973
222;Absolvent;85.3;22508;1967
223;Kramerová versus Kramer;85.3;13626;1979
224;Nebeští jezdci;85.3;11922;1968
225;Vzpomínky na lásku;85.3;11319;2004
226;Atentát;85.3;10532;1964
227;Ve jménu otce;85.3;10142;1993
228;Moderní doba;85.4;7339;1936
229;Titanic;85.1;96150;1997
230;Joker;85.1;45299;2019
231;Adéla ještě nevečeřela;85.1;40827;1978
232;Kmotr III;85.1;32288;1990
233;Velký flám;85.2;20347;1966
234;My Fair Lady;85.2;18771;1964
235;Zlo mezi námi;85.2;15901;2003
236;JFK;85.2;13370;1991
237;Ben Hur;85.1;11446;1959
238;Norimberský proces;85.3;4534;1961
239;Lepší už to nebude;85.1;43700;1997
240;Philadelphia;85.0;36591;1993
241;Musíme si pomáhat;85.0;36131;2000
242;Páni kluci;85.0;28481;1975
243;Fimfárum Jana Wericha;85.0;25500;2002
244;Metropolis;85.2;8261;1927
245;Frigo na mašině;85.2;5336;1926
246;Ten den přijde;85.5;1994;2016
247;Volný pád;85.0;33207;1993
248;Kulový blesk;85.0;32818;1978
249;Asterix v Británii;84.9;18618;1986
250;Mach a Šebestová k tabuli!;85.0;15536;1985
251;Malý velký muž;84.9;13430;1970
252;Happy end;85.0;7673;1967
253;Dva muži ve městě;85.1;7483;1973
254;Bídníci;85.1;5998;1958
255;Velká země;85.1;4806;1958
256;Jean od Floretty;85.2;3828;1986
257;Svědek obžaloby;85.2;2887;1957
258;X-Men: První třída;84.8;54732;2011
259;Poslední samuraj;84.9;50308;2003
260;Fantomas;84.8;30587;1964
261;Poslední Mohykán;84.8;30188;1992
262;Co žere Gilberta Grapea;84.9;26092;1993
263;Vinnetou;84.9;24218;1963
264;Skleněné peklo;84.9;20342;1974
265;Skřivánci na niti;84.9;18268;1969
266;O myších a lidech;84.9;13624;1992
267;Profesionál;84.9;13515;1981
268;Na sever Severozápadní linkou;84.9;10560;1959
269;Laputa: Nebeský zámek;84.9;8900;1986
270;Hrob světlušek;85.0;6680;1988
271;Pahorek;84.9;6508;1965
272;Světla velkoměsta;85.1;3596;1931
273;Krtek;85.4;1774;2011
274;Zmizelá;84.7;52493;2014
275;Ďáblův advokát;84.7;39419;1997
276;Čelisti;84.7;38632;1975
277;Zootropolis: Město zvířat;84.8;36165;2016
278;Hoří, má panenko;84.7;29315;1967
279;Ecce homo Homolka;84.8;25254;1969
280;Lady a Tramp;84.8;13866;1955
281;Kocour v botách: Poslední přání;84.8;11548;2022
282;Payback: Straight Up;84.8;5824;2006
283;Volyň;84.9;5626;2016
284;Na západní frontě klid;85.1;2746;1930
285;Sowon;85.3;1709;2013
286;Amélie z Montmartru;84.6;54288;2001
287;Žhavé výstřely 2;84.6;40961;1993
288;Toy Story 2: Příběh hraček;84.6;36273;1999
289;Apollo 13;84.6;35687;1995
290;Na Hromnice o den více;84.6;32324;1993
291;Crash;84.7;30907;2004
292;Planeta opic;84.7;29928;1968
293;Let číslo 93;84.7;24196;2006
294;Mary a Max;84.7;21577;2009
295;Jestli se rozzlobíme, budeme zlí;84.7;21063;1974
296;Kristian;84.7;17910;1939
297;Baron Prášil;84.7;15247;1961
298;Životy těch druhých;84.7;13319;2006
299;Romeo a Julie;84.7;9354;1968
300;Naušika z Větrného údolí;84.7;8776;1984
301;Hořící Mississippi;84.8;7528;1988
302;Otec;84.8;5670;2020
303;Manon od pramene;84.9;3165;1986
304;Dnes naposled;84.9;2675;1958
305;Harakiri;85.0;2395;1962
306;Koe no katači;85.0;2251;2016
307;Velká ryba;84.5;40425;2003
308;Bláznivá střela;84.5;33725;1988
309;Výměna;84.5;32056;2008
310;Nepřítel státu;84.5;28444;1998
311;Pravidla moštárny;84.5;27090;1999
312;Billy Elliot;84.6;18867;2000
313;Eva tropí hlouposti;84.5;14831;1939
314;Můj soused Totoro;84.6;12222;1988
315;Asterix a překvapení pro Cézara;84.6;11586;1985
316;Železný obr;84.6;10359;1999
317;Persepolis;84.6;10342;2007
318;V zajetí rychlosti;84.6;10229;2005
319;Den Šakala;84.7;8937;1973
320;Barry Lyndon;84.6;7791;1975
321;Gándhí;84.6;7692;1982
322;Píseň moře;84.7;7464;2014
323;Lawrence z Arábie;84.6;7060;1962
324;Kočka na rozpálené plechové střeše;84.6;6931;1958
325;Byt;84.7;6509;1960
326;Shake Hands with the Devil;84.7;4204;2007
327;Pohádka o Honzíkovi a Mařence;84.8;4175;1980
328;Pohádky tisíce a jedné noci;84.8;3388;1974
329;Vrah mezi námi;84.9;2372;1931
330;Dangal;85.0;1996;2016
331;Světla ramp;85.0;1951;1952
332;Dobrodružství Robinsona Crusoe, námořníka z Yorku;85.0;1880;1981
333;Nebe a peklo;85.3;1351;1963
334;Písečná žena;85.5;1059;1964
335;Střihoruký Edward;84.4;65545;1990
336;Doba ledová;84.5;63337;2002
337;Věčný svit neposkvrněné mysli;84.4;48907;2004
338;21 gramů;84.5;34601;2003
339;Vlasy;84.5;24059;1979
340;„Čtyři vraždy stačí, drahoušku“;84.5;22033;1970
341;Zuřící býk;84.5;16821;1980
342;Klepání na nebeskou bránu;84.4;15595;1997
343;The Doors;84.4;15281;1991
344;Podivné dědictví;84.5;13278;1972
345;Údolí včel;84.5;9822;1967
346;Čekej do tmy;84.5;8923;1967
347;Ukradená vzducholoď;84.5;7460;1966
348;Rodinná oslava;84.6;6183;1998
349;Knoflíková válka;84.5;5552;1962
350;Kabinet doktora Caligariho;84.6;5484;1920
351;Kdysi byli bojovníky;84.6;4282;1994
352;Božské děti;84.7;3556;1997
353;Andrej Rublev;84.7;3294;1966
354;Zlaté opojení;84.7;3188;1925
355;Rudovous;84.7;3035;1965
356;Umlčení;84.7;3010;2011
357;Mrtvá nevěsta Tima Burtona;84.3;54564;2005
358;Tři veteráni;84.3;46856;1983
359;Postřižiny;84.3;42953;1980
360;Telefonní budka;84.3;42681;2002
361;Spáči;84.3;21071;1996
362;Hotel Modrá hvězda;84.4;13474;1941
363;Casablanca;84.3;13310;1942
364;Kráska a zvíře;84.3;12825;1991
365;Uvnitř tančím;84.3;11856;2004
366;Mise;84.4;11157;1986
367;Chicagský tribunál;84.4;9442;2020
368;Jaro, léto, podzim, zima... a jaro;84.5;9193;2003
369;Hádej, kdo přijde na večeři;84.5;5211;1967
370;Stará puška;84.5;4071;1975
371;Zloději kol;84.6;3201;1948
372;Pojistka smrti;84.7;3112;1944
373;Krátký film o lásce;84.6;2591;1988
374;Kdo seje vítr;84.7;2395;1960
375;Ve službách papeže;84.8;1889;1965
376;Východ slunce;85.0;1539;1927
377;Na vlásku;84.2;48748;2010
378;Úžasňákovi;84.2;46099;2004
379;Wind River;84.2;29104;2017
380;Ukradené Vánoce;84.3;26922;1993
381;Rozpuštěný a vypuštěný;84.3;22730;1984
382;Odplata;84.2;20312;1999
383;Dr. Divnoláska aneb Jak jsem se naučil nedělat si starosti a mít rád bombu;84.3;11692;1964
384;Láska a smrt;84.4;6033;1975
385;Po stopách krve;84.4;6020;1969
386;Nejdelší den;84.5;4092;1962
387;Tři barvy: Červená;84.5;4081;1994
388;Corpus Christi;84.4;4008;2019
389;Fanny a Alexandr;84.5;3335;1982
390;Děrsu Uzala;84.5;3290;1975
391;Phar Lap: Národní hrdina;84.5;2873;1983
392;Průvodce;84.5;2818;2008
393;Za zvuků hudby;84.5;2758;1965
394;Scény z manželského života;84.6;2022;1974
395;O patro výš;84.9;1399;1923
396;Vzpoura;85.2;1008;1967
397;Podivuhodný případ Benjamina Buttona;84.1;62875;2008
398;Pátý element;84.2;62656;1997
399;Donnie Darko;84.1;44716;2001
400;Kapitán Phillips;84.1;32276;2013
401;Monty Python a Svatý Grál;84.2;21738;1975
402;Vzpomínky na Afriku;84.2;13309;1985
403;Závrať;84.2;12165;1958
404;Legenda o Mulan;84.2;11960;1998
405;Popelka;84.2;9315;1950
406;Noc na Zemi;84.2;9153;1991
407;Jak ukrást Venuši;84.2;7150;1966
408;Neviditelný host;84.3;7133;2016
409;Harold a Maude;84.2;6306;1971
410;Krvavá neděle;84.3;5656;2002
411;Bastard;84.3;5420;2023
412;Moje levá noha;84.4;3522;1989
413;Yojimbo;84.4;3415;1961
414;Paříž, Texas;84.3;3400;1984
415;Quo vadis, Aida?;84.5;2454;2020
416;Cirkus;84.7;1818;1928
417;Utrpení Panny orleánské;84.8;1611;1928
418;Nejlepší léta našeho života;84.9;1261;1946
419;Divotvůrkyně;85.5;739;1962
420;Piráti z Karibiku: Prokletí Černé perly;84.1;88011;2003
421;Hvězdný prach;84.0;48682;2007
422;Krvavý diamant;84.0;42847;2006
423;Jméno růže;84.0;24061;1986
424;Nesmiřitelní;84.0;17037;1992
425;Upír Nosferatu;84.1;9468;1922
426;Sedmá pečeť;84.1;9265;1957
427;3-iron;84.1;7208;2004
428;Unaveni sluncem;84.2;5356;1994
429;Městečko South Park: Říše fantazie;84.3;4471;2008
430;Zabíjení;84.2;3616;1956
431;Nikdo mě nemá rád;84.4;2691;1959
432;Poklad na Sierra Madre;84.5;2092;1948
433;Faust;84.7;1379;1926
434;Selhání vyloučeno;84.9;1159;1964
435;Dárek do cely č.7;85.0;987;2019
436;Byl jsem lynčován;85.0;926;1936
437;Vojna a mír;85.3;737;1965
438;Drž hubu!;83.9;59531;2003
439;Samotáři;83.9;51062;2000
440;Avengers: Endgame;83.9;39604;2019
441;Tři billboardy kousek za Ebbingem;84.0;28847;2017
442;Fargo;83.9;26356;1996
443;Tajemství hradu v Karpatech;84.0;25194;1981
444;Parazit;84.0;25032;2019
445;Blbec k večeři;84.0;13705;1998
446;Ray;84.0;10957;2004
447;Serpico;84.0;9398;1973
448;Prolomit vlny;84.1;6715;1996
449;Pouta války;84.0;6672;2004
450;Prohnilí;84.1;5626;1984
451;Kdo se bojí Virginie Woolfové?;84.1;4933;1966
452;Doktor Živago;84.2;3792;1965
453;Welkeom tu Dongmakgol;84.2;3285;2005
454;Kimssi pyoryugi;84.2;3261;2009
455;Útěk v řetězech;84.3;2680;1958
456;Sanjuro;84.3;2056;1962
457;Star Trek;83.8;43753;2009
458;Logan: Wolverine;83.8;35884;2017
459;Čínská čtvrť;83.9;12485;1974
460;Bílá nemoc;83.9;8130;1937
461;Nebožtíci přejí lásce;83.9;5777;1972
462;Kráva;83.9;5332;1993
463;Byl jsem při tom;84.0;5000;1979
464;Jeden život;84.0;4518;2023
465;Medená veža;84.1;4153;1970
466;Vražda na objednávku;84.1;3478;1954
467;Smrt si říká Engelchen;84.0;3426;1963
468;Panu učiteli s láskou;84.2;2595;1967
469;Amatér;84.4;1706;1979
470;Někdo tam nahoře mě má rád;84.5;1449;1956
471;Maurice Richard;84.5;1410;2005
472;Šumař na střeše;84.5;1338;1971
473;Présumé coupable;84.6;1292;2011
474;The Stoning of Soraya M.;84.5;1231;2008
475;Život je úžasný;84.7;1158;2013
476;Poslední štace;84.8;911;1924
477;Žhavé výstřely;83.8;40281;1991
478;Mechanický pomeranč;83.8;35074;1971
479;Goldfinger;83.7;16157;1964
480;Zkažená mládež;83.7;15721;2007
481;Batman: Návrat Temného rytíře, část 2.;83.9;4619;2013
482;Rašómon;83.9;4263;1950
483;Staré pověsti české;84.2;1898;1952
484;Rvačka mezi muži;84.5;1157;1955
485;Poznamenaní;84.8;864;1948
486;Chlapec v pruhovaném pyžamu;83.6;27891;2008
487;Thelma a Louise;83.6;16548;1991
488;Dokonalý svět;83.6;15849;1993
489;Annie Hallová;83.7;12041;1977
490;Vůně ženy;83.7;10632;1992
491;Brubaker;83.8;7707;1980
492;Doručovací služba čarodějky Kiki;83.8;6789;1989
493;Lesní jahody;83.9;3111;1957
494;Vlčí děti;84.1;2046;2012
495;Plynové lampy;84.1;1928;1944
496;Laurel a Hardy;84.3;1402;1965
497;Pan Smith přichází;84.3;1340;1939
498;Eso v rukávu;84.4;1196;1951
499;Vojna a mír III: Rok 1812;84.8;846;1967
500;Aurore;85.3;554;2005
501;Smrtonosná past 2;83.5;38238;1990
502;Walk the Line;83.6;25385;2005
503;Hledání Země Nezemě;83.5;23741;2004
504;Amores perros - Láska je kurva;83.5;21964;2000
505;Mrtvý muž;83.6;16684;1995
506;Misery nechce zemřít;83.5;14787;1990
507;Petrolejové lampy;83.6;8406;1971
508;Sedím na konári a je mi dobre;83.6;7037;1989
509;Control;83.7;6032;2007
510;S láskou Vincent;83.6;5347;2017
511;Jeremiah Johnson;83.7;4336;1972
512;Jako zabít ptáčka;83.7;3765;1962
513;Metro Manila;83.8;3226;2013
514;Silnice;83.8;3023;1954
515;Mzda strachu;83.8;2821;1953
516;Džúbei a umění nindžucu;83.9;2297;1993
517;Kdo to tam zpívá;84.3;1226;1980
518;Vlk z Wall Street;83.4;66478;2013
519;Hacksaw Ridge: Zrození hrdiny;83.5;29552;2016
520;Návrat do Cold Mountain;83.4;25632;2003
521;Černá kočka, bílý kocour;83.5;15505;1998
522;Pro hrst dolarů;83.5;13523;1964
523;Ghost in the Shell;83.5;8617;1995
524;Dotek Medúzy;83.5;6934;1978
525;Jesus Christ Superstar;83.5;5100;1973
526;Volání divočiny;83.7;3883;1966
527;Na Zlatém jezeře;83.7;2595;1981
528;Ghost in the Shell 2.0;83.8;2324;2008
529;Mother and Child;83.8;2315;2009
530;Boxer a smrť;83.9;1723;1962
531;Berserk: Ógon džidai hen II – Doldrey kórjaku;84.0;1684;2012
532;Kinoautomat: Člověk a jeho dům;84.2;1182;1967
533;Díra;84.4;946;1960
534;Obchod za rohem;84.5;847;1940
535;Jsem uprchlý galejník;86.0;367;1932
536;Georges Bizet: Carmen;87.2;244;1984
537;Big Lebowski;83.3;47108;1998
538;Ti druzí;83.4;34954;2001
539;Šíleně smutná princezna;83.3;32700;1968
540;Moulin Rouge;83.4;30845;2001
541;Základní instinkt;83.3;26244;1992
542;Dálnice 60;83.3;17272;2002
543;Opustit Las Vegas;83.4;10755;1995
544;Stalker;83.4;10252;1979
545;Růžový panter znovu zasahuje;83.4;9151;1976
546;Hotel Mumbai;83.5;5751;2018
547;Arrietty ze světa půjčovníčků;83.5;4798;2010
548;Něco z Alenky;83.6;3448;1988
549;Návrat;83.6;3307;2003
550;Smrtící bumerang;83.6;3087;1996
551;Kaktusový květ;83.7;2976;1969
552;Mastičkář;83.8;1883;1981
553;Žít;83.9;1589;1952
554;Vozka smrti;83.9;1553;1921
555;Zavěste červené lucerny;84.0;1390;1991
556;Člověk z mramoru;84.1;1136;1977
557;Vojna a mír IV: Pierre Bezuchov;84.5;764;1967
558;Být či nebýt;84.7;711;1942
559;Huo zhe;84.7;676;1994
560;Jak utopit Dr. Mráčka aneb Konec vodníků v Čechách;83.2;37126;1974
561;Vinnetou - Poslední výstřel;83.2;18898;1965
562;Černý Petr;83.3;9518;1963
563;Vše o mé matce;83.3;7998;1999
564;Jih proti Severu;83.4;5598;1939
565;Adelheid;83.4;5325;1969
566;Americká noc;83.5;3152;1973
567;Raz, dva, tři;83.7;2122;1961
568;Pramen panny;83.7;1977;1960
569;Stalag 17;83.8;1474;1953
570;Chladnokrevně;84.0;1168;1967
571;Jagna;84.0;1126;2023
572;Barva ráje;84.3;830;1999
573;Pátá pečeť;85.8;364;1976
574;Korunní svědek;87.0;243;1959
575;Na nože;83.1;30221;2019
576;Pokání;83.2;29034;2007
577;Muži, kteří nenávidí ženy;83.1;24907;2009
578;Válka Roseových;83.2;22038;1989
579;Magnolia;83.1;19465;1999
580;Nejvyšší nabídka;83.1;18332;2013
581;Přichází Satan!;83.2;10057;1976
582;Hana a její sestry;83.3;4945;1986
583;Na východ od ráje;83.4;3859;1955
584;Tři zločinci ve skryté pevnosti;83.6;1762;1958
585;Mefisto;83.6;1738;1981
586;Červené střevíčky;84.1;893;1948
587;Zapomenutí;84.4;772;1950
588;Bouřlivá dvacátá léta;84.8;569;1939
589;La traviata;88.5;174;1982
590;Harry Potter a Relikvie smrti - část 2;83.1;73430;2011
591;Shrek 2;83.0;66926;2004
592;Marťan;83.0;52620;2015
593;Saw: Hra o přežití;83.0;50090;2004
594;E.T. - Mimozemšťan;83.0;40188;1982
595;Fantomas se zlobí;83.0;23888;1965
596;Magická hlubina;83.1;10498;1988
597;(Ne)obyčejný kluk;83.1;10108;2017
598;Rytíři spravedlnosti;83.1;9721;2020
599;Vampire Hunter D;83.1;6178;2000
600;Kočár do Vídně;83.2;4990;1966
601;Hombre;83.2;4722;1967
602;Persona;83.3;3761;1966
603;V žáru noci;83.2;3373;1967
604;Zahraj to znovu, Same;83.3;2972;1972
605;Kabaret;83.3;2641;1972
606;Ďáblova past;83.4;2362;1961
607;Návrat domů;83.5;1948;1978
608;Co se vlastně stalo s Baby Jane?;83.5;1742;1962
609;Zootropolis: Město zvířat 2;83.5;1731;2025
610;Podzimní sonáta;83.5;1605;1978
611;Ruróni Kenšin: Meidži kenkaku rómantan – Cuioku hen;84.1;810;1999
612;Bílé peklo;85.9;322;1929
613;Gone, Baby, Gone;83.0;25093;2007
614;Gattaca;82.9;22070;1997
615;Naprostí cizinci;83.0;13950;2016
616;Lásky jedné plavovlásky;83.0;13726;1965
617;Adamova jablka;83.0;12257;2005
618;Kluci nepláčou;82.9;11503;1999
619;Příběh Alvina Straighta;83.0;8817;1999
620;Země nikoho;83.0;5994;2001
621;Krakatit;83.1;5795;1948
622;Nebe nad Berlínem;83.1;5684;1987
623;Soumrak dne;83.1;5244;1993
624;Amarcord;83.1;4172;1973
625;Underground;83.1;3936;1995
626;Cyrano z Bergeracu;83.2;2552;1990
627;Evropa, Evropa;83.4;2161;1990
628;Chi bi xia: Jue zhan tian xia;83.3;2156;2009
629;Pohraniční pásmo;83.4;1980;2000
630;Dům k pověšení;83.4;1870;1988
631;Waterloo;83.4;1646;1970
632;Soumrak;83.5;1509;2002
633;Hilary a Jackie;83.6;1326;1998
634;Ubožáci;83.7;1268;1982
635;Babka;84.0;861;2003
636;Satanské tango;84.0;805;1994
637;Keurosing;84.3;650;2008
638;Avatar;82.8;100962;2009
639;Indiana Jones a Chrám zkázy;82.8;50555;1984
640;Auta;82.8;49363;2006
641;Krotitelé duchů;82.8;37759;1984
642;Zápisník jedné lásky;82.8;31464;2004
643;Souboj Titánů;82.9;27239;1981
644;Sully: Zázrak na řece Hudson;82.8;26535;2016
645;Maverick;82.9;24222;1994
646;Lovec jelenů;82.8;12727;1978
647;Bílá paní;82.9;8644;1965
648;Půlnoční kovboj;83.0;6900;1969
649;Elitní jednotka 2: Vnitřní nepřítel;82.9;5857;2010
650;Poslední mohykán;83.0;5488;1947
651;Rozchod Nadera a Simin;83.0;4243;2011
652;Brendan a tajemství Kellsu;83.0;4036;2009
653;Krátký film o zabíjení;83.2;2297;1987
654;Pod vlivem lásky;83.2;2152;2008
655;Svědomí;83.4;1403;1948
656;Tisíc dnů s Annou;83.4;1345;1969
657;Papírový měsíc;83.5;1332;1973
658;Prožít si své peklo;83.5;1266;1977
659;Jdi, žij a někým se staň;83.5;1202;2005
660;K smrti odsouzený uprchl;83.5;1180;1956
661;Maminčin zámek;83.8;938;1990
662;Maraton;83.8;924;2005
663;Kimi no suizó o tabetai;84.2;666;2018
664;Pelle Dobyvatel;84.6;499;1987
665;Avengers;82.7;72050;2012
666;Dannyho parťáci;82.8;57020;2001
667;Ospalá díra;82.7;53602;1999
668;Rocky IV;82.7;35067;1985
669;Kokain;82.7;34974;2001
670;Černí baroni;82.7;31745;1992
671;Smrtonosná zbraň 3;82.7;27121;1992
672;Ghost Dog - Cesta samuraje;82.7;14766;1999
673;Wallace & Gromit: Prokletí králíkodlaka;82.7;12121;2005
674;Volání o pomoc;82.8;12073;2007
675;F1;82.8;11722;2025
676;Asterix a Kleopatra;82.8;11151;1968
677;Vyvolávač deště;82.8;9460;1997
678;Občan Kane;82.8;8850;1941
679;Star Trek VIII: První kontakt;82.8;7604;1996
680;Poslední pokušení Krista;82.9;6487;1988
681;Roztomilý člověk;82.9;5902;1941
682;Na kometě;82.9;5765;1970
683;Perný den;82.9;5627;1964
684;Mistrův syn;82.9;5181;1978
685;Cena za něžnost;82.9;4516;1983
686;V písku - Příslib svobody;82.9;4427;2015
687;Křižník Potěmkin;82.9;4137;1925
688;Šaráda;82.9;3830;1963
689;Mimo zákon;83.0;3665;1986
690;Ghost in the Shell 2: Innocence;83.0;3482;2004
691;Koně se také střílejí;83.0;2692;1969
692;Příští rok ve stejnou dobu;83.0;2659;1978
693;Život v oblouznění;83.1;2349;1995
694;Záře;83.1;2311;1996
695;Kafarnaum;83.2;1826;2018
696;Vše o Evě;83.3;1562;1950
697;Bohémský život;83.3;1459;1992
698;Polnočná omša;83.6;1059;1962
699;Kókaku kidótai: Stand Alone Complex - Solid State Society;83.6;1009;2006
700;Werckmeisterovy harmonie;83.6;932;2000
701;Pan Verdoux;83.8;866;1947
702;Země zaslíbená;84.3;566;1974
703;Casino Royale;82.6;53686;2006
704;Oppenheimer;82.6;28620;2023
705;Křidýlko nebo stehýnko;82.6;20395;1976
706;Je třeba zabít Sekala;82.7;14078;1998
707;Elitní jednotka;82.7;11665;2007
708;Ip Man 2;82.7;10758;2010
709;Piano;82.7;8843;1993
710;Jdi a dívej se;82.8;5917;1985
711;Tisícročná včela;82.8;5422;1983
712;Provaz;82.9;3958;1948
713;Porco Rosso;82.9;3825;1992
714;Slídil;83.2;1674;1972
715;Králův dvojník;83.5;971;2012
716;Dětské tváře;90.3;116;1925
717;Strážci Galaxie;82.5;57161;2014
718;Toy Story 3: Příběh hraček;82.6;33267;2010
719;Dařbuján a Pandrhola;82.5;27683;1959
720;Cesta do zatracení;82.5;26591;2002
721;Ostře sledované vlaky;82.6;23157;1966
722;Bláznivá střela 2 a 1/2: Vůně strachu;82.5;22238;1991
723;Aladin;82.6;12157;1992
724;Pošetilost mocných;82.6;11967;1971
725;Monty Pythonův smysl života;82.6;11335;1983
726;Dogville;82.6;10588;2003
727;Tři dny Kondora;82.6;9769;1975
728;Bosé nohy v parku;82.6;4935;1967
729;Bizarre Girl;82.7;4548;2001
730;Slavíci v kleci;82.7;4197;2004
731;Hrabě Monte Christo;82.9;2642;1954
732;Zjizvená tvář;83.0;1836;1932
733;Šťastný Luke;83.1;1569;1971
734;Berserk: Ógon džidai hen III – Kórin;83.0;1553;2013
735;Pokání;83.3;1208;1984
736;Bitva o Alžír;83.2;1151;1966
737;Bílý žár;83.5;954;1949
738;Stalo se za bílého dne;83.6;807;1958
739;Špalíček;84.4;458;1947
740;Milionář z chatrče;82.4;51901;2008
741;„Pane, vy jste vdova!“;82.4;21528;1970
742;Rozum a cit;82.5;13544;1995
743;Rosemary má děťátko;82.5;13236;1968
744;Příliš vzdálený most;82.5;7134;1977
745;O dívce, která proskočila časem;82.6;4261;2006
746;...a spravedlnost pro všechny;82.7;3371;1979
747;Horalka;82.7;3151;1960
748;Vražedná pole;82.7;3132;1984
749;Neviditelný muž;82.8;2104;1933
750;Stalo se jedné noci;82.8;2032;1934
751;Starý dům uprostřed Madridu;83.2;1012;1976
752;Zakázané hry;83.7;690;1952
753;Sbohem, má konkubíno;83.7;653;1993
754;Unavená smrt;84.3;473;1921
755;Minority Report;82.3;48001;2002
756;X-Men: Budoucí minulost;82.3;39376;2014
757;Nepřítel před branami;82.3;38958;2001
758;Kód Enigmy;82.4;37056;2014
759;Ed Wood;82.4;15819;1994
760;Traffic - Nadvláda gangů;82.3;14394;2000
761;Všichni moji blízcí;82.4;9032;1999
762;Veřejný nepřítel č. 1: Epilog;82.4;8983;2008
763;Chaplin;82.4;7320;1992
764;Manhattan;82.5;5291;1979
765;Smoke;82.5;4885;1995
766;Po svatbě;82.5;4140;2006
767;Cizinci ve vlaku;82.5;3739;1951
768;Zločiny a poklesky;82.6;2930;1989
769;Hamlet;82.6;2463;1996
770;Pěst legendy;82.7;2004;1994
771;Glory;82.9;1485;2016
772;Oběť;83.0;1435;1986
773;Píseň za chudého chlapce;83.0;1372;2003
774;Ima, ai ni jukimasu;83.1;1101;2004
775;Dědička;83.6;701;1949
776;Císařův slavík;84.0;546;1948
777;Marie-Octobre;85.3;302;1959
778;Edison;90.4;110;1940
779;Já, robot;82.3;64060;2004
780;Trosečník;82.2;60545;2000
781;X-Men 2;82.2;47296;2003
782;Zrození Planety opic;82.2;42849;2011
783;Tahle země není pro starý;82.2;39374;2007
784;Náš vůdce;82.2;20373;2008
785;Krycí jméno Donnie Brasco;82.3;17905;1997
786;Karamazovi;82.2;13532;2008
787;Braindead - Živí mrtví;82.2;12449;1992
788;Duše;82.3;11533;2020
789;Legenda o slavném návratu;82.3;10814;2000
790;Před úsvitem;82.3;9755;1995
791;Francouzská spojka;82.3;7965;1971
792;Na pokraji slávy;82.3;7643;2000
793;Legenda o opilém Mistrovi;82.3;7192;1994
794;Všichni prezidentovi muži;82.3;6850;1976
795;Skafandr a motýl;82.3;6138;2007
796;Balón;82.4;4151;2018
797;Mňága - Happy End;82.5;3732;1996
798;Svatý rok;82.4;3600;1976
799;A teď něco úplně jiného;82.5;2701;1971
800;Země dinosaurů;82.5;2529;1988
801;Daft Punk & Leiji Matsumoto's Interstella 5555: The 5tory of the 5ecret 5tar 5ystem;82.7;1697;2003
802;Jeřábi táhnou;82.7;1540;1957
803;Země;83.1;945;1996
804;Frigo, oběť krevní msty;83.9;523;1923
805;Šarlatová ulice;83.9;509;1945
806;S tebou mě baví svět;82.1;44708;1982
807;Osm hrozných;82.1;43918;2015
808;V zajetí démonů;82.1;37568;2013
809;Klub poslední naděje;82.1;21930;2013
810;Divoké historky;82.2;21477;2014
811;Propast;82.1;20899;1989
812;Spotlight;82.2;17643;2015
813;Kam se poděla sedmá rota?;82.2;10930;1973
814;Obávaný bojovník;82.2;10533;2006
815;Muž, který nebyl;82.2;10143;2001
816;Kam orli nelétají;82.3;6794;1968
817;Kundun;82.3;6451;1997
818;Baader Meinhof Komplex;82.3;6427;2008
819;Bambi;82.3;5332;1942
820;Ronja, dcera loupežníka;82.3;4392;1984
821;Killer;82.3;3639;1989
822;Africká Královna;82.4;3549;1951
823;Perfect Blue;82.4;2569;1997
824;Neuvěřitelný zmenšující se muž;82.8;1277;1957
825;Most;82.8;1275;1959
826;Hosté večeře Páně;82.9;1203;1963
827;Hanba;83.1;942;1968
828;Zvláštní den;83.1;847;1977
829;Sbohem, pane profesore!;83.7;554;1969
830;Iron Man;82.0;75980;2008
831;District 9;82.0;47633;2009
832;Modrý samet;82.0;13196;1986
833;Animatrix;82.1;11114;2003
834;Anton Špelec, ostrostřelec;82.1;10417;1932
835;Vrah skrývá tvář;82.1;6174;1966
836;Valentin Dobrotivý;82.2;5015;1942
837;Půlnoční expres;82.2;5004;1978
838;Méďa Béďa;82.2;4365;1964
839;Zkrocení zlé ženy;82.3;3439;1967
840;Divoká planeta;82.3;2627;1973
841;Smuteční slavnost;82.5;1663;1969
842;Grand Prix;82.7;1213;1966
843;Tatínkova sláva;82.7;1129;1990
844;Vojna a mír I: Andrej Bolkonskij;82.8;1046;1965
845;Anatomie vraždy;82.8;1021;1959
846;Sen noci svatojánské;82.9;965;1959
847;Pouto nejsilnější;83.1;809;1945
848;Slovo;83.7;491;1955
849;Srdce je osamělý lovec;84.4;365;1968
850;Valkýra;81.9;37594;2008
851;Duna;81.9;35811;2021
852;Štěstí na dosah;82.0;21104;2006
853;Je to i můj život;82.0;17895;2009
854;Tootsie;82.0;14893;1982
855;Old Boy;81.9;13971;2003
856;Chlast;82.0;13215;2020
857;Bezva finta;82.0;12993;1985
858;Lost Highway;82.0;12959;1997
859;Život Davida Galea;81.9;11561;2003
860;Americký zločin;81.9;10330;2007
861;Uprchlíci;82.1;6336;1986
862;Hrabě Monte Christo;82.1;4399;2024
863;Tři barvy: Modrá;82.1;4360;1993
864;Jmenuji se Khan;82.1;3705;2010
865;Stíny horkého léta;82.2;3680;1977
866;Romeo, Julie a tma;82.2;2902;1959
867;Zrůdy;82.2;2711;1932
868;Chi bi;82.3;2433;2008
869;Berserk: Ógon džidai hen I – Haó no tamago;82.3;1813;2012
870;Rosencrantz a Guildenstern jsou mrtvi;82.4;1627;1990
871;Rocco a jeho bratři;82.5;1407;1960
872;Ztracený víkend;82.5;1328;1945
873;Kes;82.9;876;1969
874;Balada o Narajamě;82.9;832;1983
875;Vojna a mír II: Nataša Rostovová;83.0;810;1966
876;Tatami;83.0;782;2023
877;Skryté ostří;83.1;730;2004
878;X-Men;81.8;55842;2000
879;Pomáda;81.8;36979;1978
880;Total Recall;81.8;35331;1990
881;Pýcha a předsudek;81.9;33009;2005
882;Pyšná princezna;81.8;28233;1952
883;Mulholland Drive;81.8;21688;2001
884;Prvotní strach;81.8;14773;1996
885;Černá kniha;81.8;11090;2006
886;Guy Ritchie: Pouto;81.9;9338;2023
887;Mluv s ní;81.9;8673;2002
888;Velký bazar;81.9;7074;1973
889;Psí odpoledne;81.9;6154;1975
890;36. komnata Shaolinu;82.0;5312;1978
891;Dumbo;82.0;4795;1941
892;4 měsíce, 3 týdny a 2 dny;82.0;4112;2007
893;Kukačka;82.0;3655;2002
894;El Dorado;82.0;3163;1966
895;Tři mušketýři: Královniny přívěsky;82.1;3138;1961
896;Jánošík;82.1;2566;1963
897;All That Jazz;82.2;2186;1979
898;Krvavý trůn;82.2;2088;1957
899;Viridiana;82.3;1669;1961
900;Anděl zkázy;82.3;1646;1962
901;Keulraesik;82.5;1311;2003
902;Potopa;82.7;973;1974
903;Vlk samotář a mládě 2: Řeka smrti;83.3;603;1972
904;Deník Anny Frankové;83.5;527;1959
905;Kingsman: Tajná služba;81.7;47133;2014
906;Dívka na koštěti;81.8;41341;1971
907;Vzhůru do oblak;81.7;40266;2009
908;Velká šestka;81.8;23208;2014
909;Policajt v Beverly Hills;81.8;22406;1984
910;Master & Commander: Odvrácená strana světa;81.7;21129;2003
911;Lovci hlav;81.8;17233;2011
912;Princ Egyptský;81.8;11597;1998
913;Hrdinové ohně;81.8;9985;2017
914;Před soumrakem;81.8;8982;2004
915;Spartakus;81.8;8382;1960
916;Mravnost nade vše;81.9;6758;1937
917;Kačeří příběhy: Poklad ze ztracené lampy;81.9;4229;1990
918;Hard Boiled;81.9;4155;1992
919;V rytmu srdce;81.9;3725;2021
920;Mastičkář;82.1;2656;2023
921;Klér;82.1;2413;2018
922;Brankář;82.2;1793;2018
923;Fitzcarraldo;82.2;1608;1982
924;Žízeň po životě;82.3;1377;1956
925;Zázrak v New Yorku;82.5;1090;1947
926;Strom na dřeváky;83.0;668;1978
927;Dny vína a růží;83.1;618;1962
928;Vlk samotář a mládě 3: Proti vichru smrti;83.4;528;1972
929;Malý svět dona Camilla;83.9;391;1952
930;On, hrdina dne;84.8;277;1927
931;After the Thin Man;87.0;159;1936
932;Karlík a továrna na čokoládu;81.6;77070;2005
933;Thor: Ragnarok;81.6;39960;2017
934;V Bruggách;81.6;38001;2008
935;Ať žijí duchové!;81.6;37748;1977
936;V hlavě;81.6;36900;2015
937;Ten, kdo stojí v koutě;81.6;26693;2012
938;Pád Třetí říše;81.6;24743;2004
939;Raubíř Ralf;81.6;22440;2012
940;Taxikář;81.6;21406;1976
941;Má mě rád, nemá mě rád;81.6;18482;2010
942;Záměna;81.6;16587;1983
943;Marketa Lazarová;81.7;8497;1967
944;Tucet špinavců;81.7;7872;1967
945;Straight Outta Compton;81.8;7775;2015
946;Dívka v modrém;81.8;6620;1939
947;West Side Story;81.8;5024;1961
948;Hlas moře;81.8;4818;2004
949;Volavka;81.8;4229;2002
950;"Legenda o ""1900""";81.8;4197;1998
951;Šepot srdce;81.8;3282;1995
952;Třetí muž;81.9;2922;1949
953;Signum laudis;81.9;2893;1980
954;Hra na pláč;81.9;2793;1992
955;Milenci ze severního pólu;82.0;2456;1998
956;Onibaba;82.1;1618;1964
957;Vidíš měsíc, Danieli;82.1;1562;2019
958;Osud člověka;82.3;1311;1959
959;Příběh Marie;82.4;1148;2014
960;Na opuštěném místě;82.8;718;1950
961;Varieté;87.7;141;1925
962;O myších a lidech;88.3;128;1939
963;Skyfall;81.6;50634;2012
964;Ready Player One: Hra začíná;81.5;35567;2018
965;Muž na Měsíci;81.6;26460;1999
966;Kontakt;81.6;24619;1997
967;Lid versus Larry Flynt;81.5;24492;1996
968;Hodiny;81.6;19926;2002
969;Vymítač ďábla;81.5;18278;1973
970;Saturnin;81.6;17068;1994
971;Poslední souboj;81.6;14523;2021
972;Legendy z Dogtownu;81.5;14225;2005
973;Sudá a lichá;81.6;10814;1978
974;Tarzan;81.6;10469;1999
975;Vítězové a poražení;81.6;10319;1999
976;Hořký měsíc;81.6;7073;1992
977;Není král jako král;81.7;6144;2000
978;Kleopatra;81.7;5934;1963
979;Akira;81.6;5823;1988
980;Ten kluk;81.7;5463;2007
981;Golfový sen;81.7;4663;2005
982;Pytlákova schovanka aneb Šlechetný milionář;81.7;4353;1949
983;Hejtr;81.7;3798;2020
984;Dolores Claiborneová;81.8;2941;1995
985;Dealer III;81.9;2409;2005
986;V přístavu;81.9;2008;1954
987;Poslední představení;82.3;1136;1971
988;Strach jíst duše;82.6;795;1974
989;Výslech;83.7;394;1982
990;Lidský úděl 5.: Přeskočit smrt;85.9;194;1961
991;Hobit: Neočekávaná cesta;81.4;69249;2012
992;Deadpool;81.4;57106;2016
993;Duch;81.4;31762;1990
994;Předčítač;81.4;26807;2008
995;Coach Carter;81.4;15882;2005
996;Hrdina;81.5;15076;2002
997;Pokoj;81.4;13947;2015
998;Odpojit;81.5;11461;2012
999;Složka 64;81.5;10703;2018
1000;Král rybář;81.5;8102;1991
